<?xml version="1.0" encoding="UTF-8"?> 
<project>                                  
  <executable name="Prelab5.elf">                 
    <memory name="program">              
      <units>bytes</units>                 
      <length>32768</length>                 
      <used>1104</used>                     
      <free>31664</free>                     
    </memory>                              
    <memory name="data">                 
      <units>bytes</units>                 
      <length>2048</length>                 
      <used>1</used>                     
      <free>2047</free>                     
    </memory>                              
  </executable>                            
</project>                                 
